Num,FileName,NumberOfNucleotides,NumberOfWeakBonds,IsPseudoknotted,TimeToGenerateStructuralSequence[ns]
1,"CRW_23S_E_A_27.ct",3946,1091,Yes,15115042
2,"CRW_23S_E_A_28.ct",4381,1147,Yes,61268333
3,"CRW_23S_E_A_4.ct",2700,782,Yes,1655875
4,"CRW_23S_E_F_20.ct",3273,704,No,1363833
5,"CRW_23S_E_F_21.ct",4216,739,Yes,1473417
6,"CRW_23S_E_F_29.ct",3554,1066,Yes,3066000
7,"CRW_23S_E_G_2.ct",2926,863,Yes,1977250
8,"CRW_23S_E_M_12.ct",953,219,No,131750
9,"CRW_23S_E_M_13.ct",1335,316,Yes,270958
10,"CRW_23S_E_M_15.ct",1275,300,Yes,246875
11,"CRW_23S_E_M_17.ct",1279,275,No,201500
12,"CRW_23S_E_M_18.ct",1244,314,Yes,298875
13,"CRW_23S_E_M_19.ct",1411,317,Yes,274416
14,"CRW_23S_E_M_22.ct",1640,372,No,379667
15,"CRW_23S_E_M_7.ct",1035,268,Yes,451375
16,"CRW_23S_E_V_1.ct",2902,850,Yes,1932666
17,"CRW_23S_E_V_23.ct",3514,746,Yes,1496334
18,"CRW_23S_E_V_24.ct",3539,998,No,2737000
19,"CRW_23S_E_V_26.ct",3541,1012,No,2976042
20,"CRW_23S_E_V_5.ct",2913,851,Yes,2091042
21,"CRW_23S_E_V_6.ct",2985,884,Yes,2061167
